Products,ReviewIDs
B001E4KFG0,1
B00813GRG4,2
B000LQOCH0,3
B000UA0QIQ,4
B006K2ZZ7K,"5, 6, 7, 8"
B000E7L2R4,9
B00171APVA,10
B0001PB9FE,11
B0009XLVG0,"12, 13"
B001GVISJM,"14, 15, 16, 17, 18, 19, 20, 21, 22, 23, 24, 25, 26, 27, 28"
B00144C10S,29
B0001PB9FY,30
B003F6UO7K,"31, 32"
B001EO5QW8,"33, 34, 35, 36, 37, 38, 39, 40, 41, 42, 43, 44, 45, 46, 47, 48, 49, 50, 51"
B000G6RPMY,"52, 53, 54"
B002GWHC0G,"55, 56"
B004N5KULM,"57, 58, 59, 60, 61, 62"
B001EO5TPM,63
B005DUM9UQ,"64, 65, 66, 67, 68"
B000E7VI7S,"69, 70"
B001GVISJC,"71, 72"
B006SQBRMA,73
B0059WXJKM,74
B001EPPI84,"75, 76"
B004X2KR36,"77, 78, 79"
B005R8JE8O,80
B0066DMI6Y,"81, 82"
B003ZFRKGO,83
B0019CW0HE,"84, 85, 86, 87, 88, 89, 90, 91, 92, 93, 94, 95, 96, 97, 98, 99, 100"
B004K2IHUO,"101, 102, 103, 104, 105, 106, 107"
B001REEG6C,"108, 109, 110"
B000J0HIT2,111
B0037LW78C,"112, 113, 114, 115, 116"
B0026Y3YBK,"117, 118"
B003SE19UK,"119, 120, 121, 122, 123, 124, 125, 126, 127"
B003OB0IB8,"128, 129, 130, 131, 132, 133, 134, 135, 136"
B002SRYRE8,"137, 138, 139, 140"
B001GVISJW,"141, 142, 143, 144, 145"
B0017I8UME,"146, 147, 148"
B0064KU9HO,149
B0037ZFEW4,150
B00374XSVY,"151, 152"
B005P0HHGK,153
B002HQAXUW,154
B000SV90J8,"155, 156"
B0036VM05I,"157, 158"
B000ITVLE2,"159, 160, 161, 162, 163, 164, 165"
B003TQQKFQ,"166, 167"
B007B9J6G2,168
B0064KO0BU,"169, 170, 171"
B001IUKD76,"172, 173"
B0081XN2HQ,174
B0025VRCJY,"175, 176, 177, 178, 179"
B005CJVVJ8,"180, 181, 182, 183"
B001KUUNP6,"184, 185, 186"
B000NY8ODS,187
B00029XIZI,188
B004V6AH34,"189, 190, 191, 192, 193"
B0028C44Z0,"194, 195, 196, 197, 198, 199, 200, 201, 202, 203, 204, 205, 206, 207, 208, 209"
B0009XLVGA,"210, 211, 212, 213, 214"
B002TDK0VK,"215, 216, 217"
B0040WAG7Q,218
B001EO5ZMO,"219, 220, 221, 222, 223, 224, 225"
B001SATU8E,226
B007JFV6RK,"227, 228, 229"
B001L4ELRW,230
B003SO503C,"231, 232"
B003ZFXJDW,"233, 234, 235"
B001HTL6CY,236
B000WFRMRW,"237, 238"
B001EO5ZME,239
B0093NIWVO,240
B001EO5ZMY,"241, 242, 243, 244, 245, 246"
B007TFONH0,"247, 248, 249"
B000GGKQSO,250
B007J32WX4,251
B0017129DC,252
B0002567IW,253
B0048IC328,"254, 255, 256"
B0025WIAN0,257
B00821UN4M,"258, 259"
B00473RWXY,260
B002MV23XM,"261, 262"
B000LKZK7C,"263, 264, 265, 266, 267, 268, 269, 270, 271, 272, 273, 274, 275, 276, 277"
B001D07IPG,"278, 279, 280, 281, 282, 283"
B000H13270,"284, 285, 286, 287"
B001UJEN6C,"288, 289, 290, 291, 292, 293, 294, 295, 296, 297, 298, 299, 300, 301, 302, 303, 304, 305, 306"
B003EMU7EU,307
B0064KOUNI,308
B003YDP5PA,"309, 310, 311, 312"
B002X9JNYU,313
B001EPQ0J0,"314, 315, 316"
B000O9Y62A,"317, 318"
B00283TPYE,319
B001FB69YY,320
B004OYBN7C,321
B000JEHAHS,"322, 323, 324, 325"
B003VTN95K,"326, 327, 328, 329, 330, 331"
B007DJ0O9I,"332, 333"
B00469VSJI,"334, 335, 336"
B002SRAU80,337
B0067LDV66,"338, 339"
B000HKYP9A,"340, 341, 342, 343, 344, 345, 346, 347"
B00067AD4U,"348, 349, 350, 351"
B0029OWDAU,352
B000SEJ84M,353
B001LMNXFA,"354, 355"
B002J2DO8W,356
B000U9V5AU,357
B001SB099M,358
B0041QJSJS,"359, 360, 361, 362, 363"
B00437JI8Q,"364, 365, 366, 367, 368"
B002O3VHXU,"369, 370, 371, 372, 373, 374"
B0057FTBYO,375
B0087HW5E2,376
B003YXWAF8,"377, 378, 379, 380, 381, 382"
B000UXA3L8,"383, 384"
B004AVYUOW,385
B001ESOQAM,"386, 387, 388, 389"
B001ESOQA2,390
B003XT4AV0,"391, 392"
B001FA1MCO,"393, 394"
B001ELL6O8,"395, 396, 397, 398, 399, 400, 401, 402, 403"
B006CGURWM,404
B00250I0EG,405
B000C21OOM,406
B003D4O92K,"407, 408"
B001IZM8A6,"409, 410"
B0089PI9OC,411
B00061KYVI,"412, 413, 414"
B003XV5LHK,415
B005WU7V00,416
B005CFC9XY,417
B000SEJ842,418
B004X8TK8I,"419, 420, 421, 422"
B000G6RYNE,"423, 424, 425, 426, 427, 428, 429, 430, 431, 432, 433, 434, 435, 436, 437, 438, 439, 440, 441, 442, 443, 444, 445, 446, 447, 448, 449, 450, 451, 452, 453, 454, 455, 456, 457, 458, 459, 460, 461, 462, 463, 464, 465, 466, 467, 468, 469, 470, 471, 472, 473, 474, 475, 476, 477, 478, 479, 480, 481, 482, 483, 484, 485, 486, 487, 488, 489, 490, 491, 492, 493, 494, 495, 496, 497, 498, 499, 500, 501, 502, 503, 504, 505, 506, 507, 508, 509, 510, 511, 512, 513, 514, 515, 516, 517, 518, 519, 520, 521, 522, 523, 524, 525, 526, 527, 528, 529, 530, 531, 532, 533, 534, 535, 536, 537, 538, 539, 540, 541, 542, 543, 544, 545, 546, 547, 548, 549, 550, 551, 552, 553, 554, 555, 556, 557, 558, 559, 560, 561, 562, 563, 564, 565, 566, 567, 568, 569, 570, 571, 572, 573, 574, 575, 576, 577, 578, 579, 580, 581, 582, 583, 584, 585, 586, 587, 588, 589, 590, 591, 592, 593, 594, 595, 596, 597, 598, 599, 600, 601, 602, 603, 604, 605, 606, 607, 608, 609, 610, 611, 612, 613, 614, 615, 616, 617, 618, 619, 620, 621, 622, 623, 624, 625, 626, 627, 628, 629, 630, 631, 632, 633, 634, 635, 636, 637, 638, 639"
B001EPPFGO,"640, 641, 642, 643, 644"
B007F96QQQ,645
B002HQH04O,"646, 647"
B0025Z7CGI,648
B007SESJWC,649
B001EPPCNK,"650, 651"
B002U56JXU,"652, 653"
B002BCD2OG,"654, 655, 656, 657, 658, 659, 660, 661, 662, 663, 664, 665, 666, 667, 668, 669, 670, 671, 672, 673"
B00112B9T2,674
B000G6MBX2,"675, 676, 677, 678, 679, 680, 681, 682, 683, 684, 685, 686, 687, 688, 689, 690, 691, 692, 693, 694, 695, 696, 697, 698, 699, 700, 701, 702, 703, 704, 705, 706, 707, 708, 709, 710, 711, 712, 713, 714, 715, 716, 717, 718, 719, 720, 721, 722, 723, 724, 725, 726"
B001F33UPI,"727, 728"
B008BEGP9W,"729, 730"
B002U56JXK,"731, 732"
B007P2PSKS,733
B004A8QK98,"734, 735"
B001HTKZ5S,"736, 737, 738, 739, 740, 741, 742"
B001BB3LW6,"743, 744"
B005Y0DXBO,745
B001LO4ZWI,"746, 747"
B000QWXG9O,748
B000Y2EJHY,"749, 750"
B004WJAUBE,751
B0035YE9CS,"752, 753, 754, 755, 756, 757, 758, 759, 760"
B006JWQFC0,"761, 762"
B009HINRX8,"763, 764, 765, 766, 767, 768"
B0016J4QKO,769
B001EPPE42,770
B000NF69ZM,"771, 772, 773"
B005YNDIAW,774
B005MZIJBU,775
B002KXDK48,776
B001FKQQDO,777
B000WFM204,778
B007ZENY5W,779
B002ONIVX4,780
B002GUWBMC,781
B0018DQFPC,"782, 783, 784, 785, 786, 787, 788, 789, 790"
B000UZMJZO,"791, 792, 793, 794"
B00285FF6O,"795, 796, 797, 798, 799, 800, 801, 802"
B0067R3Q9M,803
B004S0AQHA,"804, 805, 806, 807"
B0030C9A60,"808, 809, 810, 811, 812"
B004ET7MG8,"813, 814, 815, 816, 817"
B003AO5DLO,"818, 819, 820, 821, 822, 823, 824, 825, 826, 827"
B0007NG56I,"828, 829, 830"
B001EQ55BI,831
B000IXUISS,"832, 833"
B001ELL9X6,"834, 835, 836, 837, 838, 839, 840, 841, 842"
B000UWSQT0,"843, 844, 845, 846, 847"
B0041CKRJC,"848, 849, 850, 851"
B0007NG568,"852, 853, 854, 855, 856"
B000VKYKTG,"857, 858, 859, 860, 861, 862, 863, 864, 865, 866, 867, 868, 869, 870, 871, 872"
B000HDMUQ2,"873, 874, 875, 876, 877, 878, 879, 880, 881, 882, 883, 884, 885, 886, 887, 888, 889, 890, 891, 892"
B0041QIHC2,"893, 894, 895"
B001ELL9XG,"896, 897, 898"
B002DXZI40,899
B000ER6YO0,"900, 901, 902, 903, 904, 905, 906, 907, 908, 909, 910, 911, 912, 913, 914, 915, 916, 917, 918, 919, 920, 921, 922, 923, 924, 925, 926, 927, 928, 929, 930, 931, 932, 933, 934, 935, 936, 937, 938, 939, 940, 941, 942, 943, 944, 945, 946, 947, 948"
B003KDCJYY,949
B000MTIYF2,950
B002E0RIHM,"951, 952, 953"
B000S806VM,"954, 955, 956, 957, 958, 959, 960, 961, 962, 963"
B000YT5DBS,964
B005NEXK6Y,"965, 966, 967"
B00448SNSA,968
B0002XIB2Y,"969, 970, 971, 972"
B000F0G75W,973
B001EQ4DVQ,"974, 975, 976, 977, 978, 979, 980, 981"
B004DTNJU2,"982, 983, 984"
B00473OV2E,"985, 986"
B0048IACB2,987
B006F2NYI2,"988, 989, 990, 991, 992, 993, 994, 995, 996, 997, 998, 999, 1000"
